<AppHdr>
	<name>Business Application Header V01</name>
	<isodescription>The Business Layer deals with Business Messages. The behaviour of the Business Messages is fully described by the Business Transaction and the structure of the Business Messages is fully described by the Message Definitions and related MessageRules, Rules and Market Practices. All of which are registered in the ISO 20022 Repository.A single new Business Message (with its accompagnying business application header) is created - by the sending MessagingEndpoint - for each business event; that is each interaction in a Business Transaction. A Business Message adheres to the following principles:A Business Message (and its business application header) must not contain information about the Message Transport System or the mechanics or mechanism of message sending, transportation, or receipt.A Business Message must be comprehensible outside of the context of the Transport Message. That is the Business Message must not require knowledge of the Transport Message to be understood.A Business Message may contain headers, footers, and envelopes that are meaningful for the business. When present, they are treated as any other message content, which means that they are considered part of the Message Definition of the Business Message and as such will be part of the ISO 20022 Repository.A Business Message refers to Business Actors by their Name. Each instance of a Business Actor has one Name. The Business Actor must not be referred to in the Transport Layer.Specific usage of this BusinessMessageHeader may be defined by the relevant SEG.</isodescription>
	<type>BusinessApplicationHeaderV01</type>
	<occurence>[1..1]</occurence>
	<Fr>
		<name>From</name>
		<isodescription>The sending MessagingEndpoint that has created this Business Message for the receiving MessagingEndpoint that will process this Business Message.Note: The sending MessagingEndpoint might be different from the sending address potentially contained in the transport header (as defined in the transport layer).</isodescription>
		<usage xmlns="product">For identifying the sender of the message. This could be the Participating Bank or InstaPay IPS.</usage>
		<type>Party9Choice</type>
		<occurence>[1..1]</occurence>
		<Fr_FIId>
			<name>Financial Institution Identification</name>
			<isodescription>Identification of a financial institution.</isodescription>
			<type>BranchAndFinancialInstitutionIdentification5</type>
			<occurence>[1..1]</occurence>
			<Fr_FinInstnId>
				<name>Financial Institution Identification</name>
				<isodescription>Unique and unambiguous identification of a financial institution, as assigned under an internationally recognised or proprietary identification scheme.</isodescription>
				<type>FinancialInstitutionIdentification8</type>
				<occurence>[1..1]</occurence>
				<Fr_BICFI>
					<name>BICFI</name>
					<isodescription>Code allocated to a financial institution by the ISO 9362 Registration Authority as described in ISO 9362 Banking - Banking telecommunication messages - Business identifier code (BIC).</isodescription>
					<productusage>For identifying the sender of the message. This could be the BIC of Participating Bank, or the Switch (InstaPay IPS).</productusage>
					<example>BANKPHPHXXX</example>
					<regex>[A-Z]{6,6}[A-Z2-9][A-NP-Z0-9]([A-Z0-9]{3,3}){0,1}</regex>
					<type>BICFIIdentifier</type>
					<rule>Member identification validation: - Must be the registered identification number of the Participating Bank or InstaPay IPS.- If the &#39;To&#39; field is the Participant Identifier of the InstaPay IPS, then this field must be a valid Participating Bank</rule>
					<reasoncode>Reject with code &#39;RC01&#39; for all Business Messages in a Message Status Report (pacs.002)for failing validation. Reject with code &#39;9964&#39; a Sign-on request (admn.001) with Sign-on response (admn.002). Reject with code &#39;9964&#39; a Sign-off request (admn.003) with Sign-off response (admn.004).Reject with code &#39;650&#39; in Administration Advice message (admi.002) for failing validation on these fields and message is ignored for Echo request (admn.005), Admin advice (admi.002) and Message Status Report (pacs.002).</reasoncode>
					<occurence>[1..1]</occurence>
				</Fr_BICFI>
			</Fr_FinInstnId>
			<Fr_BrnchId>
				<name>Branch Identification</name>
				<isodescription>Identifies a specific branch of a financial institution.Usage: This component should be used in case the identification information in the financial institution component does not provide identification up to branch level.</isodescription>
				<productusage>This element will be only filled by InstaPay IPS to provide additional information about the original sender and is provided in the following messages:- pacs.008- camt.056</productusage>
				<note>This information will be needed in the correspondent response messages.</note>
				<type>BranchData2</type>
				<occurrence>[0..1]</occurrence>
				<Fr_Id>
					<name>Identification</name>
					<isodescription>Unique and unambiguous identification of a branch of a financial institution.</isodescription>
					<productusage>Participant Identifier of the sender of the message only provided by the Switch (InstaPay IPS).</productusage>
					<note>This field will be in the structure of a BIC Identification element.</note>
					<type>Max35Text</type>
					<min_maxlen>1..35</min_maxlen>
					<occurrence>[1..1]</occurrence>
				</Fr_Id>
			</Fr_BrnchId>
		</Fr_FIId>
	</Fr>
	<To>
		<name>To</name>
		<isodescription>The MessagingEndpoint designated by the sending MessagingEndpoint to be the recipient who will ultimately process this Business Message.Note: The receiving MessagingEndpoint might be different from the receiving address potentially contained in the transport header (as defined in the transport layer).</isodescription>
		<productusage>For identifying the receiver of the message. This could be the Participating Bank or InstaPay IPS.</productusage>
		<type>Party9Choice</type>
		<occurrence>[1..1]</occurrence>
		<To_FIId>
			<name>Financial Institution Identification</name>
			<isodescription>Identification of a financial institution.</isodescription>
			<type>BranchAndFinancialInstitutionIdentification5</type>
			<occurence>[1..1]</occurence>
			<To_FinInstnId>
				<name>Financial Institution Identification</name>
				<isodescription>Unique and unambiguous identification of a financial institution, as assigned under an internationally recognised or proprietary identification scheme.</isodescription>
				<type>FinancialInstitutionIdentification8</type>
				<occurence>[1..1]</occurence>
				<To_BICFI>
					<name>BICFI</name>
					<isodescription>Code allocated to a financial institution by the ISO 9362 Registration Authority as described in ISO 9362 Banking - Banking telecommunication messages - Business identifier code (BIC).</isodescription>
					<productusage>For identifying the receiver of the message. This could be the Participating Bank or the Switch (InstaPay IPS).</productusage>
					<example>BANKPHPHXXX</example>
					<regex>[A-Z]{6,6}[A-Z2-9][A-NP-Z0-9]([A-Z0-9]{3,3}){0,1}</regex>
					<type>BICFIIdentifier</type>
					<rule>BIC validation:- Must be the registered identification number of the Participating Bank- If the &#39;To&#39; field is the Participant Identifier of InstaPay IPS, then this field must be a valid Participating Bank</rule>
					<reason>Reject with code &#39;RC01&#39; for all Business Messages in a Message Status Report (pacs.002)for failing validation Reject with code &#39;9964&#39; a Sign-on request (admn.001) with Sign-on response (admn.002) Reject with code &#39;9964&#39; a Sign-off request (admn.003) with Sign-off response (admn.004)Reject with code &#39;650&#39; in Administration Advice message (admi.002) for failing validation on these fields and message is ignored for Echo request (admn.005), Admin advice (admi.002) and Message Status Report (pacs.002).</reason>
					<occurrence>[1..1]</occurrence>
				</To_BICFI>
			</To_FinInstnId>
			<To_BrnchId>
				<name>Branch Identification</name>
				<isodescription>Identifies a specific branch of a financial institution.Usage: This component should be used in case the identification information in the financial institution component does not provide identification up to branch level.</isodescription>
				<productusage>This is a conditional field for response messages, in the instances when the BranchId in the &#39;FROM&#39; element of the incoming request from InstaPay IPS was populated. If this is the case, the content of the BranchId in the &#39;FROM&#39; element of the original request message must be copied into this field within the outgoing response message. For example, when the BranchId in the &#39;FROM&#39; element of a pacs.008 is populated in the message received, the responding pacs.002 message sent will include an exact copy of that data in this element.</productusage>
				<type>BranchData2</type>
				<occurence>[0..1]</occurence>
				<To_Id>
					<name>Identification</name>
					<isodescription>Unique and unambiguous identification of a branch of a financial institution.</isodescription>
					<productusage>This is used to provide the Participant Identifier of the original sender in the response message.</productusage>
					<note>This field is mandatory for the sending Participating Bank in the corresponding response message if the information under the element Fr/FIId/BrnchId/Id was provided in the originally received message. This received information needs to be copied into this element.This field will be in the structure of a BIC Identification element.</note>
					<type>Max35Text</type>
					<min_maxlen>1..35</min_maxlen>
					<rule>Mandatory provision of the original sender in the form of the 3 character Participant Identifier if received in the originally message from InstaPay IPS.</rule>
					<reasoncode>Reject with code &#39;650&#39; in Administration Advice message admi.002 for failing validation on this field.</reasoncode>
					<occurrence>[1..1]</occurrence>
				</To_Id>
			</To_BrnchId>
		</To_FIId>
	</To>
	<BizMsgIdr>
		<name>Business Message Identifier</name>
		<isodescription>Unambiguously identifies the Business Message to the MessagingEndpoint that has created the Business Message.</isodescription>
		<productusage>The end-point to end-point identification of the Business Message for each leg (e.g. Instructing Bank to IPS Switch, IPS Switch to Instructed Bank). This identifier is located in the BAH. It is assigned by the sender of the message, that is either the Instructing bank (or a Third Party Service Provider for the Bank) or IPS Switch.</productusage>
		<format>Format: BYYYYMMDD&lt;BIC-11&gt;X&lt;unique identifier customer specific&gt; Pos. 01-01: fixed value &#39;B&#39; Pos. 02-09: File creation date in format YYYYMMDD Pos. 10-20: BIC (11 characters) Pos. 21-21: Message generation source (&#39;B&#39; if generated by a Participant, &#39;G&#39; if generated by a Gateway or API via BancNet Adaptor, &#39;H&#39; if generated by the InstaPay IPS) Pos. 22-22: &#39;S&#39; if pacs.008 or &#39;R&#39; if pacs.002 Pos. 23-35: Message serial number (13 characters)</format>
		<example>B20190308BANKPHPHXXXB0000002344</example>
		<type>Max35Text</type>
		<min_maxlen>1 .. 35</min_maxlen>
		<occurrence>[1..1]</occurrence>
	</BizMsgIdr>
	<MsgDefIdr>
		<name>Message Definition Identifier</name>
		<isodescription>Contains the MessageIdentifier that defines the BusinessMessage. It must contain a MessageIdentifier published on the ISO 20022 website.Example: camt.001.001.03</isodescription>
		<productusage>Contains the Message Definition Identifier. There are additional proprietary non-ISO schema identifiers that are used within IPS (e.g. admn messages).</productusage>
		<type>OrigMsgName</type>
		<min_maxlen>1..35</min_maxlen>
		<occurence>[1..1]</occurence>
	</MsgDefIdr>
	<CreDt>
		<name>Creation Date</name>
		<isodescription>Date and time when this Business Message (header) was created. Note: Times must be normalized, using the Z annotation.</isodescription>
		<productusage>Date and time when this Business Message (header) was created.</productusage>
		<example>2015-11-19T00:10:00Z</example>
		<regex>.*</regex>
		<type>ISONormalisedDateTime</type>
		<occurence>[1..1]</occurence>
	</CreDt>
	<CpyDplct>
		<name>Copy Duplicate</name>
		<isodescription>Indicates whether the message is a Copy, a Duplicate or a copy of a duplicate of a previously sent ISO 20022 Message.</isodescription>
		<productusage>This element has a dual purpose. Firstly it is used to identify the Repeat Request for Business Messages in the event of a time- out and secondly in the Message Status Report where ‘DUPL’ was present in the original request.</productusage>
		<example>DUPL</example>
		<type>CopyDuplicate1Code</type>
		<rule>- Used for Repeat Requests for all Business Messages in the event of a time-out and in therefore present request from the Sending Party to InstaPay IPS.- Used for Message Status Report where &#39;DUPL&#39; was present in the request</rule>
		<reasoncode>Reject with code &#39;650&#39; in Administration Advice message (admi.002) if code is invalid.</reasoncode>
		<occurence>[0..1]</occurence>
	</CpyDplct>
	<Sgntr>
		<name>Signature</name>
		<isodescription>Contains the digital signature of the Business Entity authorised to sign this Business Message.</isodescription>
		<productusage>The XML signature applied to the Business Message The default value will be populated by the signing libraries supporting the W3C standard.</productusage>
		<type>SignatureEnvelope</type>
		<rule>The XML Signature namespace (http://www.w3.org/2000/09/xmldsig#) allows for different XML elements to be root elements . This means the user has to choose amongst these global elements which one to use as the root element. Only the XML element Signature is allowed.</rule>
		<occurrence>[1..1]</occurrence>
		<xs:Any>
			<occurence>[1..1]</occurence>
		</xs:Any>
	</Sgntr>
</AppHdr>